daunting	['dɔ:ntɪŋ]	adj.使人畏缩的,使人气馁的,令人怯步的
gravitate	['grævɪteɪt]	vi.受引力作用,被吸引
impediment	[ɪm'pedɪm(ə)nt]	n.口吃,妨碍,阻止
stricture	['strɪktʃə]	n.狭窄,苛评,非难
passive	['pæsɪv]	n.被动语态adj.被动的,消极的,被动语态的
aspiring	[ə'spaɪərɪŋ]	v.立志（aspire的ing形式）adj.有抱负的,追求…的,高耸的
pinnacle	['pɪnək(ə)l]	n.高峰,小尖塔,尖峰,极点vt.造小尖塔,置于尖顶上,置于高处
weighty	['weɪtɪ]	adj.重的,重大的,严肃的
prowess	['praʊɪs]	n.英勇,超凡技术,勇猛
peasant	['pez(ə)nt]	n.农民,乡下人
pyre	[paɪə]	n.火葬用的柴堆n.(Pyre)人名,(芬)皮雷
vow	[vaʊ]	n.发誓,誓言,许愿vt.发誓,郑重宣告vi.发誓,郑重宣告
corpse	[kɔːps]	n.尸体
stronghold	['strɔŋhold]	n.要塞,大本营,中心地
swear	[sweə]	vt.发誓,咒骂vi.发誓,宣誓,诅咒n.宣誓,诅咒
dawn	[dɔːn]	n.黎明,开端vt.破晓,出现,被领悟n.(Dawn)人名,(西)道恩
dusk	[dʌsk]	n.黄昏,薄暮,幽暗,昏暗adj.微暗的vt.使变微暗vi.变微暗
anvil	['ænvɪl]	n.铁砧,[解剖]砧骨
gutter	['gʌtə]	n.排水沟,槽,贫民区vi.流,形成沟vt.开沟于…,弄熄adj.贫贱的,粗俗的,耸人听闻的n.(Gutter)人名,(罗)古特尔,(英)格特
admiration	[ædmə'reɪʃ(ə)n]	n.钦佩,赞赏,羡慕,赞美
mutual	['mjuːtʃʊəl; -tjʊəl]	adj.共同的,相互的,彼此的
befriend	[bɪ'frend]	vt.帮助,待人如友,扶助
whispering	['hwɪspərɪŋ]	n.低语,流言,飒飒声adj.传播流言蜚语的,发飒飒声的（等于whispery）
flatter	['flætə]	vt.奉承,谄媚,使高兴
gash	[gæʃ]	n.很深的裂缝,砍得很深的伤口vt.划开,砍入很深,（使）负深伤n.(Gash)人名,(英)加什
castrate	[kæ'streɪt; 'kæstreɪt]	vt.阉割,删除,去掉最重要的部分,使丧失力量
sneer	[snɪə]	vi.嘲笑,冷笑vt.嘲笑,冷笑n.嘲笑,冷笑
aberrant	[ə'ber(ə)nt]	adj.异常的,畸变的,脱离常轨的,迷乱的
conformance	[kən'fɔːm(ə)ns]	n.一致性,顺应
detritus	[dɪ'traɪtəs]	n.碎石,[地质]岩屑
notoriously	[nəu'tɔ:riəsli]	adv.众所周知地,声名狼藉地,恶名昭彰地
locus	['ləʊkəs]	n.[数]轨迹,地点,所在地
derivative	[dɪ'rɪvətɪv]	n.[化学]衍生物,派生物,导数adj.派生的,引出的
reconcile	['rek(ə)nsaɪl]	vt.使一致,使和解,调停,调解,使顺从
topple	['tɒp(ə)l]	vt.推翻,颠覆,使倒塌vi.倾倒,倒塌,摇摇欲坠n.(Topple)人名,(英)托佩尔
perversity	[pə'vɜːsɪtɪ]	n.邪恶,任性,性变态
conforming	[kən'fɔ:miŋ]	v.符合（conform的ing形式）,遵照adj.一致性的,遵守的
closure	['kləʊʒə]	n.关闭,终止,结束vt.使终止
cosmetic	[kɒz'metɪk]	n.化妆品,装饰品adj.美容的,化妆用的
volatility	[,vɒlə'tɪlətɪ]	n.[化学]挥发性,易变,活泼
collocate	['kɒləkeɪt]	vt.布置,排列,使成搭配vi.搭配,组合
decomposition	[,diːkɒmpə'zɪʃn]	n.分解,腐烂,变质
counterintuitive	[,kaʊntərɪn'tjuːɪtɪv]	adj.违反直觉的
inescapable	[ɪnɪ'skeɪpəb(ə)l; ɪne-]	adj.不可避免的,逃脱不了的
volatile	['vɒlətaɪl]	n.挥发物,有翅的动物adj.[化学]挥发性的,不稳定的,爆炸性的,反复无常的n.(Volatile)人名,(意)沃拉蒂莱
reinstate	[riːɪn'steɪt]	vt.使恢复,使复原
geometrically	[,dʒiə'metrikəli]	adv.用几何学,几何学上地,按几何级数地
intolerable	[ɪn'tɒl(ə)rəb(ə)l]	adj.无法忍受的,难耐的
chagrin	['ʃægrɪn; ʃə'grɪn]	n.懊恼,委屈,气愤vt.使…懊恼n.(Chagrin)人名,(英)沙格兰
syndrome	['sɪndrəʊm]	n.[临床]综合症状,并发症状,校验子,并发位n.(Syndrome)人名,(英)辛德罗姆
utterly	['ʌtəlɪ ]	adv.完全地,绝对地,全然地,彻底地,十足地
at the mercy of	[]	受...支配
nightmarish	['naɪt,mɛrɪʃ]	adj.可怕的,恶梦似的,不愉快的
impinge	[ɪm'pɪn(d)ʒ]	vi.撞击,侵犯vt.撞击
nontrivial	[nɒn'trɪvɪəl]	adj.非平凡的
maturity	[mə'tʃʊərətɪ]	n.成熟,到期,完备
put another way	[]	
sound bite	[]	
overarching	[,əʊvər'ɑːtʃɪŋ]	adj.首要的,支配一切的,包罗万象的v.成拱形（overarch的ing形式）
hodgepodge	['hɒdʒpɒdʒ]	n.大杂烩,混煮,一团糟vt.使混乱
in hindsight	[]	
ridiculously	[ri'dikjuləsli]	adv.可笑地,荒谬地
along came	[]	
contender	[kən'tendə]	n.竞争者,争夺者
thwarted	[]	
fragmentation	[frægmen'teɪʃ(ə)n]	n.破碎,分裂,[计]存储残片
allotted	[ə'lɔtid]	v.分配,指派,拨给（allot的过去分词）adj.专款的,拨出的
granule	['grænjuːl]	n.颗粒
undesirable	[ʌndɪ'zaɪərəb(ə)l]	n.不良分子,不受欢迎的人adj.不良的,不受欢迎的,不合需要的
rigid	['rɪdʒɪd]	adj.严格的,僵硬的,死板的,坚硬的,精确的
boils down to	[]	
capricious	[kə'prɪʃəs]	adj.反复无常的,任性的
in particular	[]	
concretion	[kən'kriːʃ(ə)n]	n.结石,凝固,凝固物
lurk	[lɜːk]	n.潜伏,埋伏vi.潜伏,潜藏,埋伏
critically	['krɪtɪklɪ]	adv.精密地,危急地,严重地,批评性地,用钻研眼光地,很大程度上,极为重要地
inadvertently	[,ɪnəd'vɜːt(ə)ntlɪ]	adv.非故意地,无心地
not to mention	[]	
recoil	[rɪ'kɒɪl]	vi.畏缩,弹回,报应n.畏缩,弹回,反作用
unidirectional	[,juːnɪdɪ'rekʃ(ə)n(ə)l; ,juːnɪdaɪ-]	adj.单向的,单向性的
conceivable	[kən'siːvəb(ə)l]	adj.可能的,想得到的,可想像的
livid	['lɪvɪd]	adj.铅色的,青灰色的,非常生气的
gist	[dʒɪst]	n.主旨,要点,依据n.(Gist)人名,(英)吉斯特
thereabouts	['ðeərəbaʊts; -'baʊts]	adv.大约,在那附近（等于thereabout）
sentimental	[sentɪ'ment(ə)l]	adj.伤感的,多愁善感的,感情用事的,寓有情感的
extremist	[ɪk'striːmɪst; ek-]	n.极端主义者,过激分子
entitlement	[ɪn'taɪt(ə)lmənt]	n.权利,津贴
contrivance	[kən'traɪv(ə)ns]	n.发明,发明物,想出的办法,计谋
inexorably	[]	
track  down	[]	
devilishly	[]	
convention	[kən'venʃ(ə)n]	n.大会,[法]惯例,[计]约定,[法]协定,习俗
considerably	[kən'sɪd(ə)rəblɪ]	adv.相当地,非常地
trickery	['trɪk(ə)rɪ]	n.欺骗,诡计,奸计
cohesive	[kəʊ'hiːsɪv]	adj.凝聚的,有结合力的,紧密结合的,有粘着力的
albeit	[ɔːl'biːɪt]	conj.虽然,即使
peter	['piːtə]	vi.逐渐消失,耗尽vt.使…精疲力竭n.麻醉品,保险箱
laborious	[lə'bɔːrɪəs]	adj.勤劳的,艰苦的,费劲的
divide-and-conquer	[]	
restaurant	[ˈrestrɒnt]	n.餐馆,[经]饭店
slack	[slæk]	adj.松弛的,疏忽的,不流畅的vi.松懈,减弱n.煤末,峡谷vt.放松,使缓慢adv.马虎地,缓慢地n.(Slack)人名,(英)斯莱克
forethought	['fɔːθɔːt]	n.深谋远虑,先见,考虑将来adj.预先计划好的
bear out	[]	
free of	[]	
litmus test	[]	
grunt work	[]	
tear down	[]	
actuator	['æktjʊeɪtə]	n.[自]执行机构,激励者,促动器
splash screen	[]	
from scratch	[]	
hook up	[]	
up to this point	[]	
supplant	[sə'plɑːnt]	vt.代替,排挤掉
masquerading	[]	
menial	['miːnɪəl]	n.仆人,住家佣工,下贱的人adj.卑微的,仆人的,适合仆人做的
grapple	['græp(ə)l]	n.抓住,格斗vi.抓住,格斗,抓斗机vt.抓住,与…格斗
premature	['premətjʊə]	n.早产儿,过早发生的事物adj.早产的,不成熟的,比预期早的
ephemeral	[ɪ'fem(ə)r(ə)l; -'fiːm-]	adj.短暂的,朝生暮死的n.只生存一天的事物
come in	[]	
get the hang	[]	
pros and cons	[]	
stringent	['strɪn(d)ʒ(ə)nt]	adj.严格的,严厉的,紧缩的,短缺的
nuts and bolts	[]	
corrective	[kə'rektɪv]	n.矫正物,改善法adj.矫正的,惩治的
in place of	[]	
justifiably	['dʒʌstifaiəbli]	adv.言之有理地,无可非议地
no amount of	[]	
at the end of the day	[]	
get the hang of	[]	
farfetched	['fa:'fetʃt]	adj.牵强的,乱七八糟的,靠不住的
courteous	['kɜːtjəs]	adj.有礼貌的,谦恭的
the lesser of two evils	[]	
ailing	['eɪlɪŋ]	adj.生病的,身体不舒服的,体衰的v.生病,苦恼（ail的ing形式）
silver lining	[]	
marginally	['mɑːdʒɪn(ə)lɪ]	adv.少量地,最低限度地,在栏外,在页边
recession	[rɪ'seʃ(ə)n]	n.衰退,不景气,后退,凹处
to date	[]	
ad infinitum	[,ædinfi'naitəm]	无限地,永久地,无止境地
coined	[]	
drudgery	['drʌdʒərɪ]	n.苦工,苦差事
revolution	[revə'luːʃ(ə)n]	n.革命,旋转,运行,循环
squint	[skwɪnt]	vi.斜视,患斜视,倾向n.看vt.使斜视adj.斜视的
practically	['præktɪk(ə)lɪ]	adv.实际地,几乎,事实上
couplets	[]	
adage	['ædɪdʒ]	n.格言,谚语,箴言
conventional	[kən'venʃ(ə)n(ə)l]	adj.符合习俗的,传统的,常见的,惯例的
stakeholder	[ˈsteɪkhəʊldə(r)]	n.利益相关者,赌金保管者
dilemma	[dɪ'lemə; daɪ-]	n.困境,进退两难,两刀论法
deluded	[di'lu:did]	v.欺骗,使失望（delude的过去分词）adj.轻信的,受蒙骗的
a matter of	[]	
relent	[rɪ'lent]	v.再借给（relend的过去分词）vt.使变温和,减轻vi.变温和,变宽厚,减弱,缓和
sap	[sæp]	n.[植]树液,精力,元气,活力,坑道vt.使衰竭,使伤元气,挖掘以破坏基础vi.挖坑道n.(Sap)人名,(柬)萨,(越)插
The more haste, the less speed.	[]	
divert	[daɪ'vɜːt; dɪ-]	vt.转移,使…欢娱,使…转向vi.转移n.(Divert)人名,(法)迪韦尔
heroic	[hɪ'rəʊɪk]	n.史诗,英勇行为adj.英雄的,英勇的,记叙英雄及其事迹的,夸张的
frustrating	[frʌ'streɪtɪŋ]	v.使沮丧（frustrate的ing形式）adj.令人沮丧的
tremendously	[tri'mendəsli]	adv.非常地,可怕地,惊人地
bottom out	[]	
asymptotic	[,æsɪmp'tɒtɪk]	adj.渐近的,渐近线的
a fraction of	[]	
hoards of	[]	
from then on	[]	
to that end	[]	
fine print	[]	
hinges on	[]	
just over	[]	
call in	[]	
intuitively	[in'tju:itivli]	adv.直观地,直觉地
nothing more than	[]	
fine-tune	['faintju:n]	vt.调整,使有规则,对进行微调
on your behalf	[]	
ad-hoc	[]	
coerce	[kəʊ'ɜːs]	vt.强制,迫使
cumbersome	['kʌmbəs(ə)m]	adj.笨重的,累赘的,难处理的
as is	[]	
one-off	[,wʌn'ɒf]	n.一次性事物adj.一次性的
opt-in	[]	
one-stop	['wʌn,stɑp]	adj.一站式的,（美）能提供各种商品的
back then	[]	
lemma	['lemə]	n.引理,辅助定理,论点,膜n.(Lemma)人名,(俄)莱玛,(意、埃塞)莱马复数lemmas或lemmata
corollary	[kə'rɒlərɪ]	n.推论,必然的结果复数corollaries
proof	[pruːf]	n.证明,证据,校样,考验,验证,试验adj.防…的,不能透入的,证明用的,耐…的vt.试验,校对,使不被穿透
crude	[kruːd]	n.原油,天然的物质adj.粗糙的,天然的,未加工的,粗鲁的
fragile	['frædʒaɪl]	adj.脆的,易碎的
unceasing	[ʌn'siːsɪŋ]	adj.不断的,不停的
unabashedly	[,ʌnə'bæʃtli]	adv.不害臊地,不怕羞地
head on	[]	
furious	['fjʊərɪəs]	adj.激烈的,狂怒的,热烈兴奋的,喧闹的
start over	[]	
creeping	['kriːpɪŋ]	n.爬行,杀小兵赚钱升级（游戏术语）v.爬行,慢慢地移动（creep的现在分词）adj.爬行的,迟缓的,毛骨悚然的,奉承的
a horde of	[]	
abate	[ə'beɪt]	vt.减轻,减少,废除vi.减轻,失效n.(Abate)人名,(英、意、法、埃塞)阿巴特
buy into	[]	
far from it	[]	
stamp	[stæmp]	n.邮票,印记,标志,跺脚vt.铭记,标出,盖章于…,贴邮票于…,用脚踩踏vi.跺脚,捣碎,毁掉n.(Stamp)人名,(德)施坦普,(英)斯坦普
stave off	[]	
startling	['stɑːtlɪŋ]	adj.令人吃惊的
depict	[dɪ'pɪkt]	vt.描述,描画
meager	['mi:ɡə]	n.兆adj.贫乏的,瘦的
and yet	[]	
bank on	[]	
catastrophically	[]	
profitable	['prɒfɪtəb(ə)l]	adj.有利可图的,赚钱的,有益的
sustainable	[sə'steɪnəb(ə)l]	adj.可以忍受的,足可支撑的,养得起的,可持续的
nothing less than	[]	
continuum	[kən'tɪnjʊəm]	n.[数]连续统,[经]连续统一体,闭联集
sump pump	[]	
furnace	['fɜːnɪs]	n.火炉,熔炉
nonsensical	[nɒn'sensɪk(ə)l]	adj.无意义的,荒谬的
intricately	['ɪntrɪkətlɪ]	adv.杂乱地
sweet spot	[]	
across the board	[]	
shed job	[]	
at this juncture	[]	
set forth	[]	
bear in mind	[]	
on account of	[]	
at first sight	[]	
by means of	[]	
not least	[]	
act upon	[]	
break out	[]	
revolve around	[]	
a deck of	[]	
at the very least	[]	
pin down	[]	
back-of-the-envelope	[]	
more often than not	[]	
time-honored	['taim,ɔnəd]	adj.历史悠久的,因古老而受到尊重的
False Positives	[]	
take advantage	[]	
come into their own	[]	
strive for	[]	
kick in	[]	
democratize	[dɪ'mɒkrətaɪz]	vt.使民主化,使大众化vi.民主化,大众化
acronym	['ækrənɪm]	n.首字母缩略词
perpetual	[pə'petʃʊəl; -tjʊəl]	adj.永久的,不断的,四季开花的,无期限的
predominantly	[prɪ'dɒmɪnəntlɪ]	adv.主要地,显著地
dispense with	[dispense+with]	无需,免除,省掉
celestial	[sɪ'lestɪəl]	n.神仙,天堂里的居民adj.天上的,天空的
escalated	[]	
masquerade	[,mɑːskə'reɪd; ,mæs-]	vt.化装,乔装n.伪装,化妆舞会vi.化装,伪装
a pipe dream	[]	
excessively	[ek'sesɪvlɪ]	adv.过分地,极度
finesse	[fɪ'nes]	n.策略,纤细,灵巧vt.巧妙处理,以偷牌方式先出vi.偷牌,施展巧计
by extension	[]	
bumping up	[]	
demise	[dɪ'maɪz]	n.死亡,终止,转让,传位vt.遗赠,禅让
existential	[,egzɪ'stenʃ(ə)l]	adj.存在主义的,有关存在的,存在判断的
vacuously	[]	
pun	[pʌn]	n.双关语,俏皮话vt.捣实敲打vi.说双关语,说俏皮话n.(Pun)人名,(柬)本,(泰)汶
abruptly	[ə'brʌptli]	adv.突然地,唐突地
gratuitous	[grə'tjuːɪtəs]	adj.无理由的,无端的,免费的
per se	[,pə:'sei, -'si:]	本身,自身
bona fide	[,bəunə'faidi, 'bɔ:nəfaid]	adj.善意的,真实的,真诚的adv.善意地,真实地,真诚地
atypical	[eɪ'tɪpɪk(ə)l; æ-]	adj.非典型的,不合规则的
in short	[]	
carry out	[]	
pass over	[]	
aforementioned	[əfɔː'menʃənd]	adj.上述的,前面提及的
write-through	[]	
mutate	[mjuː'teɪt]	vt.改变,使突变vi.变化,产生突变
iron out	[]	
get rid of	[]	
in plain terms	[]	
veteran	['vet(ə)r(ə)n]	n.老兵,老手,富有经验的人,老运动员adj.经验丰富的,老兵的
superfluous	[suː'pɜːflʊəs; sjuː-]	adj.多余的,不必要的,奢侈的
sidestep	['saɪdstep]	n.台阶,横跨的一步vt.回避,横跨一步躲避vi.回避问题,侧向跨步
surmise	[sə'maɪz]	vt.猜测,推测vi.猜测,认为n.推测,猜度
deviate	['diːvɪeɪt]	vi.脱离,越轨vt.使偏离
facilitate	[fə'sɪlɪteɪt]	vt.促进,帮助,使容易
entail	[ɪn'teɪl; en-]	vt.使需要,必需,承担,遗传给,蕴含n.引起,需要,继承
by and large	[]	
elusive	[ɪ'l(j)uːsɪv]	adj.难懂的,易忘的,逃避的,难捉摸的
decompose	[diːkəm'pəʊz]	vt.分解,使腐烂vi.分解,腐烂
parlance	['pɑːl(ə)ns]	n.说法,用语,语调,发言
kick off	[]	
bizarre	[bɪ'zɑː]	adj.奇异的（指态度,容貌,款式等）
trip up	[]	
subtle	['sʌt(ə)l]	adj.微妙的,精细的,敏感的,狡猾的,稀薄的
crop up	[]	
irrespective	[ɪrɪ'spektɪv]	adj.无关的,不考虑的,不顾的
drawback	['drɔːbæk]	n.缺点,不利条件,退税
narcissistically	[]	
synonym	['sɪnənɪm]	n.同义词,同义字
synonyms	[ˈsɪnənɪm]	n.[语]同义词,同义字,同一性（synonym的复数）
peripheral	[pə'rɪf(ə)r(ə)l]	adj.外围的,次要的,（神经）末梢区域的n.外部设备
glyph	[glɪf]	n.字形,图象字符,纵沟纹
grab bag	[]	
seamlessly	['si:mlisli]	adv.无缝地
fallback	['fɔːlbæk]	n.可依靠的东西,后备物品,撤退,退却
mutually	[ˈmjuːtʃuəli]	adv.互相地,互助
ramification	[,ræmɪfɪ'keɪʃ(ə)n]	n.衍生物,分枝,分叉,支流
ad hoc	[,æd'hɔk]	adj.特别的,临时,专设adv.特别地
boil down	[]	
perplex	[pə'pleks]	vt.使困惑,使为难,使复杂化
detour	['diːtʊə]	n.绕道,便道vt.使…绕道而行vi.绕道,迂回n.(Detour)人名,(法)德图尔
stuck	[stʌk]	v.刺（stick的过去式）adj.被卡住的,不能动的n.(Stuck)人名,(德)施图克,(英)斯塔克
succinct	[sək'sɪŋ(k)t]	adj.简洁的,简明的,紧身的
ambiguities	[]	
pitfall	['pɪtfɔːl]	n.陷阱,圈套,缺陷,诱惑
onsite	['ɔnsait]	adj.在场的,就地的
kicks off	[]	
other than	[]	
segregating	['segri,geitiŋ]	vbl.分开
ever since	[]	
wager	['weɪdʒə]	n.赌注,赌博,赌物vi.打赌vt.下赌注n.(Wager)人名,(英)韦杰,(芬、瑞典)瓦格
a rule of thumb	[]	
in this regard	[]	
rampant	['ræmp(ə)nt]	adj.猖獗的,蔓延的,狂暴的,奔放的n.(Rampant)人名,(法)朗庞
amenable	[ə'miːnəb(ə)l]	adj.有责任的：顺从的,服从的,有义务的,经得起检验的
pair up	[]	
deterministic	[dɪ,tɜːmɪ'nɪstɪk]	adj.确定性的,命运注定论的
preclude	[prɪ'kluːd]	vt.排除,妨碍,阻止
complicate	['kɒmplɪkeɪt]	vt.使复杂化,使恶化,使卷入
forgo	[fɔː'gəʊ; fə-]	vi.放弃,停止,对…断念vt.放弃,停止,对…断念[过去式forwent过去分词forgone现在分词forgoing]
readily	['redɪlɪ]	adv.容易地,乐意地,无困难地
stylistic	[staɪ'lɪstɪk]	adj.体裁上的,格式上的,文体论的
piecemeal	['piːsmiːl]	n.片,块adj.零碎的,逐渐的vt.粉碎adv.零碎地,逐个地
interleave	[ɪntə'liːv]	n.[计]交错vt.[计]交错,插空白页于,插叙
laziness	['leɪzɪnɪs]	n.怠惰,无精打采
procrastination	[prə(ʊ),kræstɪ'neɪʃ(ə)n]	n.耽搁,拖延,拖延症
revive	[rɪ'vaɪv]	vt.使复兴,使苏醒,回想起,重演,重播vi.复兴,复活,苏醒,恢复精神
stretch	[stretʃ]	n.(Stretch)人名,(英)斯特雷奇vt.伸展,张开,（大量地）使用,消耗（金钱,时间）,使竭尽所能,使全力以赴,n.伸展,延伸vi.伸展,足够买（或支付）
resurrect	[rezə'rekt]	vt.使复活,复兴,挖出vi.复活
thus far	[]	
demystify	[diː'mɪstɪfaɪ]	vt.使非神秘化,阐明,启发
responsiveness	[ri'spɔnsivnis]	n.响应能力,有同情心
wrap up	[]	
expand on	[]	
blend	[blend]	n.混合,掺合物vi.混合,协调vt.混合
typical	['tɪpɪk(ə)l]	adj.典型的,特有的,象征性的
beneficiary	[benɪ'fɪʃ(ə)rɪ]	n.[金融]受益人,受惠者,封臣adj.拥有封地的,受圣俸的
arcane	[ɑː'keɪn]	adj.神秘的,晦涩难解的,秘传的
due care	[]	
convolute	['kɒnvə,luːt]	v.回旋,盘旋,卷绕adj.回旋状的,旋绕的n.盘旋面
polymorphic	[,pɒlɪ'mɔːfɪk]	adj.[生物]多态的,[生物]多形的,多形态的,[化学]多晶形的（等于polymorphous）
proximity	[prɒk'sɪmɪtɪ]	n.接近,[数]邻近,接近,接近度,距离,亲近
in contrast	[]	
coincidentally	[kəu,insi'dentli]	adv.巧合地,一致地
introspection	[ɪntrə(ʊ)'spekʃ(ə)n]	n.内省,反省
make for	[]	
a sort of	[]	
stuff into	[stuff+into]	把……塞入
underscore	[ʌndə'skɔː]	n.底线,[计]下划线vt.强调,划线于…下
motif	[məʊ'tiːf]	n.主题,动机,主旨,图形,意念
ubiquitous	[juː'bɪkwɪtəs]	adj.普遍存在的,无所不在的
scenarios	[si'na:riəu]	n.情节,脚本,情景介绍（scenario的复数）
on the grounds	[]	
factorial	[fæk'tɔːrɪəl]	n.[数]阶乘adj.因子的,阶乘的
countdown	['kaʊntdaʊn]	n.倒数计秒
in terms of	[]	
summable	['sʌməbl]	adj.可求和的
unwind	[ʌn'waɪnd]	vt.放松,解开,[计]展开vi.放松,解开,松开
summation	[sʌ'meɪʃ(ə)n]	n.和,[生理]总和,合计
traverse	['trævəs; trə'vɜːs]	n.穿过,横贯,横木vt.穿过,反对,详细研究,在…来回移动vi.横越,旋转,来回移动adj.横贯的n.(Traverse)人名,(英)特拉弗斯,(法)特拉韦尔斯
judicious	[dʒʊ'dɪʃəs]	adj.明智的,头脑精明的,判断正确的
come in handy	[]	
generality	[dʒenə'rælɪtɪ]	n.概论,普遍性,大部分
permutation	[pɜːmjʊ'teɪʃ(ə)n]	n.[数]排列,[数]置换
circumvent	[sɜːkəm'vent]	v.包围,智取,绕行,规避
disavow	[dɪsə'vaʊ]	vt.否认,否定,抵赖,拒绝对…的责任
symmetry	['sɪmɪtrɪ]	n.对称（性）,整齐,匀称
generically	[dʒi'nerikəli]	adv.一般地,属类地
wind up	[]	
augment	[ɔːg'ment]	n.增加,增大vt.增加,增大vi.增加,增大
discrete	[dɪ'skriːt]	n.分立元件,独立部件adj.离散的,不连续的
come with	[]	
as a rule of thumb	[]	
emerging	[ɪ'mɝdʒɪŋ]	adj.新兴的,出现的,形成的v.形成,浮现,显露（emerge的ing形式）,由…中脱出
impede	[ɪm'piːd]	vt.阻碍,妨碍,阻止
heterogeneous	[,het(ə)rə(ʊ)'dʒiːnɪəs; -'dʒen-]	adj.[化学]多相的,异种的,[化学]不均匀的,由不同成分形成的
rationale	[,ræʃə'nɑːl]	n.基本原理,原理的阐述
theoretical	[θɪə'retɪk(ə)l]	adj.理论的,理论上的,假设的,推理的
plausible	['plɔːzɪb(ə)l]	adj.貌似可信的,花言巧语的,貌似真实的,貌似有理的
purport	[pə'pɔːt]	n.意义,主旨,意图vt.声称,意图,意指,打算
subverting	[]	
mindset	['maɪn(d)set]	n.心态,倾向,习惯,精神状态
behoove	[bɪ'huːv]	vt.理应,对…有此必要vi.有必要,理所当然n.适宜
trivial	['trɪvɪəl]	adj.不重要的,琐碎的,琐细的
parity	['pærɪtɪ]	n.平价,同等,相等,胎次,分娩
verbose	[vɜː'bəʊs]	adj.冗长的,啰嗦的
syntactically	[sin'tæktikli]	adv.依照句法地,在语句构成上
cursory	['kɜːs(ə)rɪ]	adj.粗略的,草率的,匆忙的
intent	[ɪn'tent]	n.意图,目的,含义adj.专心的,急切的,坚决的
octal	['ɒkt(ə)l]	adj.[数]八进制的
hexadecimal	[,heksə'desɪm(ə)l]	n.十六进制adj.十六进制的
conjunction	[kən'dʒʌŋ(k)ʃ(ə)n]	n.结合,[语]连接词,同时发生
exponential	[,ekspə'nenʃ(ə)l]	n.指数adj.指数的
exponent	[ɪk'spəʊnənt; ek-]	n.[数]指数,典型,说明者,说明物n.倡导者,鼓吹者,代表者,拥护者adj.说明的
stands for	[]	
warrant	['wɒr(ə)nt]	n.根据,证明,正当理由,委任状vt.保证,担保,批准,辩解
come across	[]	
mimic	['mɪmɪk]	vt.模仿,摹拟n.效颦者,模仿者,仿制品,小丑adj.模仿的,模拟的,假装的
substitution	[sʌbstɪ'tjuːʃn]	n.代替,[数]置换,代替物
tangible	['tæn(d)ʒɪb(ə)l]	n.有形资产adj.有形的,切实的,可触摸的
intersect	[ɪntə'sekt]	vt.横断,横切,贯穿vi.相交,交叉
metaphor	['metəfə; -fɔː]	n.暗喻,隐喻,比喻说法
full-blown	[ful'bləun]	adj.成熟的,（花）盛开的,（帆等）张满的
knack	[næk]	n.诀窍,本领,熟练技术,巧妙手法
pallette	['pælɪt]	n.调色板
budget	['bʌdʒɪt]	n.预算,预算费adj.廉价的vt.安排,预定,把…编入预算vi.编预算,做预算
delve	[delv]	n.穴,洞vi.钻研,探究,挖vt.钻研,探究,挖n.(Delve)人名,(英)德尔夫
full-scale	[fʊl'skeɪl]	adj.全面的,完全的,照原尺寸的
virtually	[ˈvəːtʃʊəli]	adv.事实上,几乎,实质上
deviation	[diːvɪ'eɪʃ(ə)n]	n.偏差,误差,背离
continuous	[kən'tɪnjʊəs]	adj.连续的,持续的,继续的,连绵不断的
classifier	['klæsifaiə]	n.[测][遥感]分类器,
unrivaled	[,ʌn'raivəld]	adj.无敌的,至高无上的,无比的
coefficient	[,kəʊɪ'fɪʃ(ə)nt]	n.[数]系数,率,协同因素adj.合作的,共同作用的
resultant	[rɪ'zʌlt(ə)nt]	n.合力,结果,[化学]生成物adj.结果的,合成的
previously	['priviəsli]	adv.以前,预先,仓促地
discriminate	[dɪ'skrɪmɪneɪt]	vi.区别,辨别vt.歧视,区别,辨别
distinctive	[dɪ'stɪŋ(k)tɪv]	adj.有特色的,与众不同的
facet	['fæsɪt; -et]	n.面,方面,小平面vt.在…上琢面
scatterplot	[]	
break down	[]	
in its own right	[]	
granular	['grænjʊlə]	adj.颗粒的,粒状的
fit on	[]	
act on	[]	
pop up	[]	
transpire	[træn'spaɪə; trɑːn-]	vt.使蒸发,使排出vi.发生,蒸发,泄露
recap	['riːkæp]	n.翻新的轮胎vt.翻新胎面,扼要重述
start out	[start+out]	出发,着手进行
pan out	[pan+out]	成功,结果（是）,证明
for that matter	[]	
stand for	[]	
check out	[]	
backport	[]	
operand	['ɒpərænd]	n.[计]操作数,[计]运算对象
short of	[]	
resurface	[riː'sɜːfɪs]	vt.重铺路面,为…铺设新表面vi.重新露面,浮上水面
ternary	['tɜːnərɪ]	adj.[数]三元的,三重的,[数]三进制的,第三的
obscurity	[əb'skjʊərɪtɪ]	n.朦胧,阴暗,晦涩,身份低微,不分明
in nature	[]	
explanatory	[ɪk'splænə,t(ə)rɪ; ek-]	adj.解释的,说明的
apart from this	[]	
hierarchies	['haɪərɑːkɪz]	n.阶层,层级,[数]分层,分类
in a sense	[]	
merits	['mɛrɪts]	n.优点（merit的复数）,功绩,是非曲直
literals	[]	
dichotomy	[daɪ'kɒtəmɪ; dɪ-]	n.二分法,两分,分裂,双歧分枝
showcasing	[]	
lay out	['lei,aut]	展示,安排,花钱,为…划样,提议
hypothetical	[,haɪpə'θetɪk(ə)l]	adj.假设的,爱猜想的
mnemonic	[nɪ'mɒnɪk]	adj.记忆的,助记的,记忆术的
Arsenal	['ɑ:sənəl]	n.兵工厂,军械库
step over	[]	
flesh out	[]	
continuation	[kəntɪnjʊ'eɪʃ(ə)n]	n.继续,续集,延长,附加部分,扩建物
distinct	[dɪ'stɪŋ(k)t]	adj.明显的,独特的,清楚的,有区别的
prominent	['prɒmɪnənt]	adj.突出的,显著的,杰出的,卓越的
stub out	[stub+out]	v.踩熄
exhaustive	[ɪg'zɔːstɪv; eg-]	adj.详尽的,彻底的,消耗的
representative	[reprɪ'zentətɪv]	n.代表,典型,众议员adj.典型的,有代表性的,代议制的
hybrid	['haɪbrɪd]	n.杂种,混血儿,混合物adj.混合的,杂种的
in place	[]	
constrain	[kən'streɪn]	vt.驱使,强迫,束缚
conciseness	[kən'saisnis]	n.简明,简洁,切除
in sum	[]	
polymorphism	[,pɒlɪ'mɔːfɪz(ə)m]	n.多态性,多形性,同质多晶
concatenation	[kənkætə'neɪʃn]	n.串联,连结
parse out	[]	
positive	[ˈpɒzətɪv]	n.正数,[摄]正片adj.积极的,[数]正的,[医][化学]阳性的,确定的,肯定的,实际的,真实的,绝对的
vector	['vektə]	n.矢量,带菌者,航线vt.用无线电导航
matrix	['meɪtrɪks]	n.[数]矩阵,模型,[生物][地质]基质,母体,子宫,[地质]脉石
rational	['ræʃ(ə)n(ə)l]	n.有理数adj.合理的,理性的
extraneous	[ɪk'streɪnɪəs; ek-]	adj.外来的,没有关联的,来自体外的
better yet	[]	
step up	[]	
stumble	['stʌmb(ə)l]	n.绊倒,蹒跚而行vi.踌躇,蹒跚,失足,犯错vt.使…困惑,使…绊倒
inside out	[]	
exponentiation	[,ekspənenʃɪ'eɪʃ(ə)n]	n.[数]取幂,求幂,乘方
multiplication	[,mʌltɪplɪ'keɪʃ(ə)n]	n.[数]乘法,增加
denominator	[dɪ'nɒmɪneɪtə]	n.[数]分母,命名者,共同特征或共同性质,平均水平或标准
exotic	[ɪg'zɒtɪk; eg-]	adj.异国的,外来的,异国情调的
appetite	['æpɪtaɪt]	n.食欲,嗜好
whet	[wet]	n.磨,开胃物,刺激物vt.刺激,磨快,促进
curly braces	[]	
square brackets	[]	
shrink	[ʃrɪŋk]	vi.收缩,畏缩n.收缩,畏缩,<俚>精神病学家vt.使缩小,使收缩
obviate	['ɒbvɪeɪt]	vt.排除,避免,消除
better off	[]	
intrinsic	[ɪn'trɪnsɪk]	adj.本质的,固有的
grunt	[grʌnt]	n.咕哝,呼噜声n.(Grunt)人名,(俄、捷、英)格伦特vt.咕哝着说vi.作呼噜声,发哼声
distract	[dɪ'strækt]	vt.转移,分心
tedious	['tiːdɪəs]	adj.沉闷的,冗长乏味的
read on	[]	
at all	[æt ɔ:l]	（否定句）根本,究竟
embarkation	[,embɑː'keɪʃən]	n.从事,装载,乘坐
mandatory	['mændət(ə)rɪ]	n.受托者（等于mandatary）adj.强制的,托管的,命令的
journey	['dʒɜːnɪ]	n.旅行,行程vi.旅行n.(Journey)人名,(英)朱尼,朱妮(女名)
emulate	['ɛmjulet]	vt.仿真,模仿,尽力赶上,同…竞争n.仿真,仿效
firm up	[]	
get in the way of	[]	
caveats	[]	
anew	[ə'njuː]	adv.重新,再
strategy	[ˈstrætədʒɪ]	n.战略,策略
rote	[rəʊt]	n.死记硬背,生搬硬套n.(Rote)人名,(德、俄)罗特
tenant	['tenənt]	n.承租人,房客,佃户,居住者vt.租借（常用于被动语态）n.(Tenant)人名,(法)特南
apart from	[]	
follow-up	['fɒləʊ ʌp]	n.随访,跟进,后续行动adj.后续的,增补的
proverb	['prɒvɜːb]	n.谚语,格言,众所周知的人或事
paraphrase	['pærəfreɪz]	n.释义,解释,意译vt.释义
deprecated	[ˈdeprəkeɪtɪd]	v.不赞成,弃用,不宜用（deprecate的过去式及过去分词形式）
contemporaries	[]	
scale up	[]	
chore	[tʃɔː]	n.家庭杂务,日常的零星事务,讨厌的或累人的工作
uniformity	[juːnɪ'fɔːmɪtɪ]	n.均匀性,一致,同样
sculpting	[]	
sold on	[]	
inspiring	[ɪn'spaɪərɪŋ]	v.鼓舞,激发,使感悟（inspire的ing形式）adj.鼓舞人心的,灌输的,启发灵感的
profound	[prə'faʊnd]	adj.深厚的,意义深远的,渊博的
instructive	[ɪn'strʌktɪv]	adj.有益的,教育性的
defer	[dɪ'fɜː]	vt.使推迟,使延期vi.推迟,延期,服从n.(Defer)人名,(法)德费
serve as	[]	
vice versa	[,vaisi'və:sə]	反之亦然
hone	[həʊn]	n.磨刀石,想念,抱怨vt.用磨刀石磨n.(Hone)人名,(英)霍恩,(缅)洪,(罗)霍内,(日)本江(姓)
propel	[prə'pel]	vt.推进,驱使,激励,驱策
retrospective	[retrə(ʊ)'spektɪv]	adj.回顾的,怀旧的,可追溯的n.回顾展
clairvoyant	[kleə'vɒɪənt]	n.千里眼,有洞察力的人adj.透视的,有洞察力的n.(Clairvoyant)人名,(法)克莱尔瓦扬
chronicle	['krɒnɪk(ə)l]	n.编年史,年代记,记录vt.记录,把…载入编年史
typographical	['taipə'græfikəl]	adj.印刷上的,排字上的
frankly	['fræŋklɪ]	adv.真诚地,坦白地
citing	[saɪtɪŋ]	n.引用,引证,举例
stay tuned for	[]	
strive	[straɪv]	vi.努力,奋斗,抗争
skimp	[skɪmp]	vi.节省,不够用心vt.克扣,对…不够用心,舍不得给,少给adj.少的,不足的
companion	[kəm'pænjən]	n.同伴,朋友,指南,手册vt.陪伴n.(Companion)人名,(英)康帕宁
retention	[rɪ'tenʃ(ə)n]	n.保留,扣留,滞留,记忆力,闭尿
merit	['merɪt]	n.优点,价值,功绩,功过vt.值得vi.应受报答
rundown	['rʌndaʊn]	n.裁减,纲要
insult	[ɪn'sʌlt]	n.侮辱,凌辱,无礼vt.侮辱,辱骂,损害
tackle	['tækl]	n.滑车,装备,用具,扭倒vt.处理,抓住,固定,与…交涉vi.扭倒,拦截抢球
gentler	[]	
narrative	['nærətɪv]	n.叙述,故事,讲述adj.叙事的,叙述的,叙事体的
descriptors	[]	
didactic	[dɪ'dæktɪk; daɪ-]	adj.说教的,教诲的
paradigm	['pærə'daɪm]	n.范例,词形变化表
lexical	['leksɪk(ə)l]	adj.词汇的,[语]词典的,词典编纂的
tutorial	[tjuː'tɔːrɪəl]	n.个别指导adj.辅导的,家庭教师的,个别指导的
expertise	[,ekspɜː'tiːz]	n.专门知识,专门技术,专家的意见
prescriptive	[prɪ'skrɪptɪv]	adj.规定的,规范的,指定的
nominal	['nɒmɪn(ə)l]	n.[语]名词性词adj.名义上的,有名无实的,[会计]票面上的
collectively	[kə'lektivli]	adv.共同地,全体地
modest	['mɒdɪst]	adj.谦虚的,谦逊的,适度的,端庄的,羞怯的n.(Modest)人名,(罗)莫代斯特,(德)莫德斯特,(俄)莫杰斯特
unduly	[ʌn'djuːlɪ]	adv.过度地,不适当地,不正当地
redistribute	[,riːdɪ'strɪbjuːt; riː'dɪs-]	vt.重新分配,再区分
throttling	['θrɔtliŋ]	n.节气,节流,油门调节
contiguous	[kən'tɪgjʊəs]	adj.连续的,邻近的,接触的
resilience	[rɪ'zɪlɪəns]	n.恢复力,弹力,顺应力
carrying out	[]	
conceptually	[kən'sɛptʃʊəli]	adv.概念地
empirically	[im'pirikli]	adv.以经验为主地
expunge	[ɪk'spʌn(d)ʒ; ek-]	vt.擦去,删掉
in addition to	[]	
redundancy	[rɪ'dʌnd(ə)nsɪ]	n.[计][数]冗余（等于redundance）,裁员,人浮于事
designate	['dezɪgneɪt]	vt.指定,指派,标出,把…定名为adj.指定的,选定的
bewildering	[bɪ'wɪld(ə)rɪŋ]	adj.使人困惑的,令人产生混乱的v.使迷惑（bewilder的ing形式）
be taken	[]	
hang around	[]	
analogous	[ə'næləgəs]	adj.类似的,[昆]同功的,可比拟的
even out	[]	
evade	[ɪ'veɪd]	vt.逃避,规避,逃脱vi.逃避,规避,逃脱
quorum	['kwɔːrəm]	n.法定人数
vitally	['vaitəli]	adv.极其,紧要地,生死攸关地
pivoted	['pivətid]	n.旋开窗adj.转动的,回转的,轴心式v.以…为中心旋转,把…置于枢轴上（pivot的过去分词）
summarization	[,sʌmərai'zeiʃən, -ri'z-]	n.[图情]摘要,概要
concise	[kən'saɪs]	adj.简明的,简洁的
dissecting	[di'sektiŋ]	adj.解剖的v.解剖,仔细检查（dissect的ing形式）
simultaneously	[,sɪml'teɪnɪəslɪ]	adv.同时地
intimidating	[in'timideitiŋ]	adj.吓人的
up-front	['ʌpfrʌnt]	adj.预先的,坦率的
stark contrast	[]	
criteria	[kraɪ'tɪərɪə]	n.标准,条件（criterion的复数）
dissect	[daɪ'sekt; dɪ-]	vt.切细,仔细分析vi.进行解剖,进行详细分析
semantics	[sɪ'mæntɪks]	n.[语]语义学,语义论
fictitious	[fɪk'tɪʃəs]	adj.虚构的,假想的,编造的,假装的
roundtrips	[]	
It is worth noting	[]	
in one shot	[]	
under the hood	[]	
pervasive	[pə'veɪsɪv]	adj.普遍的,到处渗透的,流行的
debut	['deɪbjuː; -buː]	n.初次登台,开张vi.初次登台n.(Debut)人名,(法)德比
feminist	['femənɪst]	n.女权主义者adj.主张女权的
overwhelming	[,ovɚ'wɛlmɪŋ]	adj.压倒性的,势不可挡的v.压倒,淹没（overwhelm的ing形式）,制服
trailer	['treɪlə]	n.拖车,[电视]预告片,追踪者vt.用拖车载运vi.乘拖车式活动房屋旅行
trilogy	['trɪlədʒɪ]	n.三部曲,三部剧
crux	[krʌks]	n.关键,难题,十字架形,坩埚
rivalries	[]	
superstition	[,suːpə'stɪʃ(ə)n; ,sjuː-]	n.迷信
scenario	[sɪ'nɑːrɪəʊ]	n.方案,情节,剧本,设想
tactic	['tæktɪk]	n.策略,战略adj.按顺序的,依次排列的
dodge	[dɒdʒ]	n.躲闪,托词vi.躲避,避开vt.躲避,避开n.(Dodge)人名,(英)道奇n.道奇（汽车品牌）
